{"MapNameList":["TestScene"],"MapSizeList":[{"UnityMin":{"x":-23.803430557250978,"y":-23.057220458984376},"UnityMax":{"x":21.414321899414064,"y":22.068859100341798},"ServerOriPos":{"x":0.0,"y":0.0},"xCellCountServer":0,"zCellCountServer":0}]}